{
  "project_info": {
    "project_number": "961055235508",
    "project_id": "login2-95d14",
    "storage_bucket": "login2-95d14.appspot.com"
  },
  "client": [
    {
      "client_info": {
        "mobilesdk_app_id": "1:961055235508:android:084091c6c41efdc54fe6e1",
        "android_client_info": {
          "package_name": "com.example.login"
        }
      },
      "oauth_client": [],
      "api_key": [
        {
          "current_key": "AIzaSyBKo9Nlj6aXrfs4gmcp6AyOMTBvQhh8v2I"
        }
      ],
      "services": {
        "appinvite_service": {
          "other_platform_oauth_client": []
        }
      }
    }
  ],
  "configuration_version": "1"
}